Timeline,Start time,Duration,Row,Instance number,Assist,Ball Handler,Block,Contested,Cutter,Cutter Defender,Dribble Move,Drive Direction,Foul,Foul Class,Foul Drawn,Half Court Defense Type,Handler Defender,Handler Defense,Handoff Defender,Handoff Screener,Inbound Type,Opponent Team,Pass,Period,Play Characteristics,Play Type,Rebound,Receiver,Receiver Defender,Result,Screen User,Screen User Defender,Screener,Screener Action,Screener Defender,Screener Defense,Shooter,Shooting Hand,Shot,Shot Characteristics,Shot Clock,Shot Clock Seconds,Shot Contest,Shot Location,Shot Type,Spot Up,Steal,Stolen From,Team,Turnover,Ungrouped,Notes,Flags
2026-01-28 Loyola (MD) vs American,21.034,8.0,American Shots,1,,,,,,,,,No Foul,,,,,,,,,,,,,,,,,Made 2,,,,,,,#33 Matt Mayock,,,,22+,,Wide Open,Rim,Dunk,,,,,,,,
2026-01-28 Loyola (MD) vs American,58.893,8.0,American Shots,2,,,,,,,,,No Foul,,,,,,,,,,,,,,,,,Miss 3,,,,,,,#12 Geoff Sprouse,,,,21-11,,Lightly Contested,Top of Key 3,Step Back,,,,,,,,
2026-01-28 Loyola (MD) vs American,125.991,8.000000000000014,American Shots,3,,,,,,,,,No Foul,,,,,,,,,,,,,,,,,Miss 3,,,,,,,#32 Julen Iturbe,,,,5-0,,Highly Contested,Left Wing 3,Catch & Shoot,,,,,,,,
2026-01-28 Loyola (MD) vs American,151.039,8.0,American Shots,4,,,,,,,,,No Foul,,,,,,,,,,,,,,,,,Made 2,,,,,,,#23 Greg Jones,,,,21-11,,Lightly Contested,Rim,Layup,,,,,,,,
2026-01-28 Loyola (MD) vs American,194.139,8.0,American Shots,5,,,,,,,,,Foul,,,,,,,,,,,,,,,,,Miss 2,,,,,,,#23 Greg Jones,,,,22+,,Highly Contested,Rim,Layup,,,,,,,,
2026-01-28 Loyola (MD) vs American,272.474,8.0,American Shots,6,,,,,,,,,No Foul,,,,,,,,,,,,,,,,,Made 2,,,,,,,#33 Matt Mayock,,,,22+,,Wide Open,Rim,Dunk,,,,,,,,
2026-01-28 Loyola (MD) vs American,396.95,8.0,American Shots,7,,,,,,,,,No Foul,,,,,,,,,,,,,,,,,Miss 3,,,,,,,#7 Wyatt Nausadis,,,,21-11,,Highly Contested,Left Wing 3,Catch & Shoot,,,,,,,,
2026-01-28 Loyola (MD) vs American,436.172,8.0,American Shots,8,,,,,,,,,No Foul,,,,,,,,,,,,,,,,,Miss 3,,,,,,,#33 Matt Mayock,,,,10-6,,Highly Contested,Left Wing 3,Catch & Shoot,,,,,,,,
2026-01-28 Loyola (MD) vs American,470.444,8.0,American Shots,9,,,,,,,,,No Foul,,,,,,,,,,,,,,,,,Made 3,,,,,,,#32 Julen Iturbe,,,,22+,,Wide Open,Top of Key 3,Catch & Shoot,,,,,,,,
2026-01-28 Loyola (MD) vs American,511.144,8.0,American Shots,10,,,,,,,,,No Foul,,,,,,,,,,,,,,,,,Miss 2,,,,,,,#32 Julen Iturbe,,,,22+,,Highly Contested,Rim,Layup,,,,,,,,
2026-01-28 Loyola (MD) vs American,543.79,8.0,American Shots,11,,,,,,,,,Foul,,,,,,,,,,,,,,,,,Miss 2,,,,,,,#33 Matt Mayock,,,,21-11,,Lightly Contested,Rim,Layup,,,,,,,,
2026-01-28 Loyola (MD) vs American,806.26,8.0,American Shots,12,,,,,,,,,No Foul,,,,,,,,,,,,,,,,,Miss 2,,,,,,,#35 Chris Eagan,,,,21-11,,Highly Contested,Close Shot Right,Hook,,,,,,,,
2026-01-28 Loyola (MD) vs American,834.096,8.0,American Shots,13,,,,,,,,,No Foul,,,,,,,,,,,,,,,,,Made 2,,,,,,,#2 Madden Collins,,,,21-11,,Highly Contested,Rim,Layup,,,,,,,,
2026-01-28 Loyola (MD) vs American,866.213,8.0,American Shots,14,,,,,,,,,No Foul,,,,,,,,,,,,,,,,,Miss 3,,,,,,,#7 Wyatt Nausadis,,,,22+,,Highly Contested,Left Corner 3,Catch & Shoot,,,,,,,,
2026-01-28 Loyola (MD) vs American,1100.824,8.0,American Shots,15,,,,,,,,,No Foul,,,,,,,,,,,,,,,,,Miss 2,,,,,,,#4 Kade Sebastian,,,,21-11,,Blocked,Rim,Layup,,,,,,,,
2026-01-28 Loyola (MD) vs American,1160.656,8.0,American Shots,16,,,,,,,,,No Foul,,,,,,,,,,,,,,,,,Miss 3,,,,,,,#32 Julen Iturbe,,,,10-6,,Lightly Contested,Top of Key 3,Step Back,,,,,,,,
2026-01-28 Loyola (MD) vs American,1180.036,8.0,American Shots,17,,,,,,,,,No Foul,,,,,,,,,,,,,,,,,Miss 2,,,,,,,#2 Madden Collins,,,,22+,,Highly Contested,Rim,Layup,,,,,,,,
2026-01-28 Loyola (MD) vs American,1262.878,8.0,American Shots,18,,,,,,,,,No Foul,,,,,,,,,,,,,,,,,Miss 2,,,,,,,#2 Madden Collins,,,,22+,,Highly Contested,Rim,Floater,,,,,,,,
2026-01-28 Loyola (MD) vs American,1280.237,8.0,American Shots,19,,,,,,,,,No Foul,,,,,,,,,,,,,,,,,Miss 3,,,,,,,#7 Wyatt Nausadis,,,,22+,,Lightly Contested,Right Corner 3,Catch & Shoot,,,,,,,,
2026-01-28 Loyola (MD) vs American,1318.401,8.0,American Shots,20,,,,,,,,,No Foul,,,,,,,,,,,,,,,,,Miss 2,,,,,,,#33 Matt Mayock,,,,10-6,,Highly Contested,Rim,Layup,,,,,,,,
2026-01-28 Loyola (MD) vs American,1345.363,8.0,American Shots,21,,,,,,,,,No Foul,,,,,,,,,,,,,,,,,Miss 3,,,,,,,#7 Wyatt Nausadis,,,,21-11,,Lightly Contested,Left Corner 3,Catch & Shoot,,,,,,,,
2026-01-28 Loyola (MD) vs American,1435.82,8.0,American Shots,22,,,,,,,,,No Foul,,,,,,,,,,,,,,,,,Made 3,,,,,,,#33 Matt Mayock,,,,5-0,,Lightly Contested,Top of Key 3,Catch & Shoot,,,,,,,,
2026-01-28 Loyola (MD) vs American,1742.362,8.0,American Shots,23,,,,,,,,,No Foul,,,,,,,,,,,,,,,,,Miss 2,,,,,,,#3 Dean Hogans,,,,10-6,,Blocked,Rim,Layup,,,,,,,,
2026-01-28 Loyola (MD) vs American,1777.957,8.0,American Shots,24,,,,,,,,,No Foul,,,,,,,,,,,,,,,,,Miss 3,,,,,,,#23 Greg Jones,,,,5-0,,Highly Contested,Top of Key 3,Step Back,,,,,,,,
2026-01-28 Loyola (MD) vs American,1907.813,8.0,American Shots,25,,,,,,,,,No Foul,,,,,,,,,,,,,,,,,Made 2,,,,,,,#2 Madden Collins,,,,21-11,,Wide Open,Rim,Layup,,,,,,,,
2026-01-28 Loyola (MD) vs American,1942.144,8.0,American Shots,26,,,,,,,,,No Foul,,,,,,,,,,,,,,,,,Miss 2,,,,,,,#7 Wyatt Nausadis,,,,21-11,,Blocked,Rim,Layup,,,,,,,,
2026-01-28 Loyola (MD) vs American,1970.049,8.0,American Shots,27,,,,,,,,,No Foul,,,,,,,,,,,,,,,,,Made 2,,,,,,,#7 Wyatt Nausadis,,,,21-11,,Highly Contested,Close Shot Middle,Fadeaway,,,,,,,,
2026-01-28 Loyola (MD) vs American,2272.851,8.0,American Shots,28,,,,,,,,,No Foul,,,,,,,,,,,,,,,,,Miss 2,,,,,,,#16 Luke Brown,,,,21-11,,Highly Contested,Rim,Layup,,,,,,,,
2026-01-28 Loyola (MD) vs American,2432.769,8.0,American Shots,29,,,,,,,,,No Foul,,,,,,,,,,,,,,,,,Miss 3,,,,,,,#12 Geoff Sprouse,,,,21-11,,Highly Contested,Top of Key 3,Catch & Shoot,,,,,,,,
2026-01-28 Loyola (MD) vs American,2550.232,8.0,American Shots,30,,,,,,,,,No Foul,,,,,,,,,,,,,,,,,Miss 2,,,,,,,#23 Greg Jones,,,,21-11,,Highly Contested,Rim,Layup,,,,,,,,
2026-01-28 Loyola (MD) vs American,2774.241,8.0,American Shots,31,,,,,,,,,No Foul,,,,,,,,,,,,,,,,,Made 2,,,,,,,#2 Madden Collins,,,,5-0,,Highly Contested,Rim,Layup,,,,,,,,
2026-01-28 Loyola (MD) vs American,2818.37,8.0,American Shots,32,,,,,,,,,No Foul,,,,,,,,,,,,,,,,,Miss 2,,,,,,,#7 Wyatt Nausadis,,,,5-0,,Highly Contested,Top of Key 2,Fadeaway,,,,,,,,
2026-01-28 Loyola (MD) vs American,2904.134,8.0,American Shots,33,,,,,,,,,No Foul,,,,,,,,,,,,,,,,,Miss 2,,,,,,,#23 Greg Jones,,,,10-6,,Lightly Contested,Rim,Layup,,,,,,,,
2026-01-28 Loyola (MD) vs American,2951.66,8.0,American Shots,34,,,,,,,,,No Foul,,,,,,,,,,,,,,,,,Made 3,,,,,,,#2 Madden Collins,,,,5-0,,Lightly Contested,Right Wing 3,Step Back,,,,,,,,
2026-01-28 Loyola (MD) vs American,3048.848,8.0,American Shots,35,,,,,,,,,No Foul,,,,,,,,,,,,,,,,,Made 3,,,,,,,#23 Greg Jones,,,,22+,,Lightly Contested,Left Wing 3,Catch & Shoot,,,,,,,,
2026-01-28 Loyola (MD) vs American,3077.243,8.0,American Shots,36,,,,,,,,,No Foul,,,,,,,,,,,,,,,,,Made 3,,,,,,,#12 Geoff Sprouse,,,,21-11,,Wide Open,Right Wing 3,Catch & Shoot,,,,,,,,
2026-01-28 Loyola (MD) vs American,3110.343,8.0,American Shots,37,,,,,,,,,No Foul,,,,,,,,,,,,,,,,,Made 3,,,,,,,#12 Geoff Sprouse,,,,21-11,,Lightly Contested,Top of Key 3,Catch & Shoot,,,,,,,,
2026-01-28 Loyola (MD) vs American,3607.861,8.0,American Shots,38,,,,,,,,,No Foul,,,,,,,,,,,,,,,,,Miss 2,,,,,,,#35 Chris Eagan,,,,21-11,,Highly Contested,Rim,Hook,,,,,,,,
2026-01-28 Loyola (MD) vs American,3672.951,8.0,American Shots,39,,,,,,,,,No Foul,,,,,,,,,,,,,,,,,Made 2,,,,,,,#2 Madden Collins,,,,21-11,,Highly Contested,Close Shot Right,Hook,,,,,,,,
2026-01-28 Loyola (MD) vs American,3743.018,8.0,American Shots,40,,,,,,,,,Foul,,,,,,,,,,,,,,,,,Made 2,,,,,,,#2 Madden Collins,,,,21-11,,Wide Open,Rim,Layup,,,,,,,,
2026-01-28 Loyola (MD) vs American,3925.173,8.0,American Shots,41,,,,,,,,,No Foul,,,,,,,,,,,,,,,,,Made 2,,,,,,,#23 Greg Jones,,,,21-11,,Lightly Contested,Rim,Layup,,,,,,,,
2026-01-28 Loyola (MD) vs American,3972.873,8.0,American Shots,42,,,,,,,,,No Foul,,,,,,,,,,,,,,,,,Miss 2,,,,,,,#32 Julen Iturbe,,,,10-6,,Highly Contested,Close Shot Middle,Fadeaway,,,,,,,,
2026-01-28 Loyola (MD) vs American,4193.506,8.0,American Shots,43,,,,,,,,,No Foul,,,,,,,,,,,,,,,,,Miss 3,,,,,,,#3 Dean Hogans,,,,10-6,,Blocked,Right Wing 3,Catch & Shoot,,,,,,,,
2026-01-28 Loyola (MD) vs American,4219.344,8.0,American Shots,44,,,,,,,,,No Foul,,,,,,,,,,,,,,,,,Miss 2,,,,,,,#35 Chris Eagan,,,,22+,,Lightly Contested,Close Shot Middle,Hook,,,,,,,,
2026-01-28 Loyola (MD) vs American,4310.7,8.0,American Shots,45,,,,,,,,,No Foul,,,,,,,,,,,,,,,,,Miss 2,,,,,,,#23 Greg Jones,,,,21-11,,Blocked,Rim,Layup,,,,,,,,
2026-01-28 Loyola (MD) vs American,4354.632,8.0,American Shots,46,,,,,,,,,No Foul,,,,,,,,,,,,,,,,,Miss 2,,,,,,,#35 Chris Eagan,,,,21-11,,Highly Contested,Rim,Layup,,,,,,,,
2026-01-28 Loyola (MD) vs American,4618.341,8.0,American Shots,47,,,,,,,,,Foul,,,,,,,,,,,,,,,,,Miss 2,,,,,,,#2 Madden Collins,,,,21-11,,Highly Contested,Rim,Layup,,,,,,,,
2026-01-28 Loyola (MD) vs American,4816.479,8.0,American Shots,48,,,,,,,,,No Foul,,,,,,,,,,,,,,,,,Made 2,,,,,,,#35 Chris Eagan,,,,10-6,,Wide Open,Rim,Layup,,,,,,,,
2026-01-28 Loyola (MD) vs American,4917.063,8.0,American Shots,49,,,,,,,,,No Foul,,,,,,,,,,,,,,,,,Miss 3,,,,,,,#32 Julen Iturbe,,,,22+,,Highly Contested,Left Wing 3,Catch & Shoot,,,,,,,,
2026-01-28 Loyola (MD) vs American,5122.179,8.0,American Shots,50,,,,,,,,,No Foul,,,,,,,,,,,,,,,,,Miss 3,,,,,,,#23 Greg Jones,,,,21-11,,Highly Contested,Left Wing 3,Catch & Shoot,,,,,,,,
2026-01-28 Loyola (MD) vs American,5183.283,8.0,American Shots,51,,,,,,,,,No Foul,,,,,,,,,,,,,,,,,Miss 3,,,,,,,#7 Wyatt Nausadis,,,,21-11,,Wide Open,Right Wing 3,Pullup,,,,,,,,
2026-01-28 Loyola (MD) vs American,5251.01,8.0,American Shots,52,,,,,,,,,No Foul,,,,,,,,,,,,,,,,,Made 3,,,,,,,#3 Dean Hogans,,,,21-11,,Lightly Contested,Left Corner 3,Catch & Shoot,,,,,,,,
2026-01-28 Loyola (MD) vs American,5482.122,8.0,American Shots,53,,,,,,,,,Foul,,,,,,,,,,,,,,,,,Miss 2,,,,,,,#2 Madden Collins,,,,21-11,,Highly Contested,Rim,Layup,,,,,,,,
2026-01-28 Loyola (MD) vs American,5569.276,8.0,American Shots,54,,,,,,,,,No Foul,,,,,,,,,,,,,,,,,Made 2,,,,,,,#2 Madden Collins,,,,22+,,Lightly Contested,Rim,Layup,,,,,,,,
2026-01-28 Loyola (MD) vs American,5611.536,8.0,American Shots,55,,,,,,,,,No Foul,,,,,,,,,,,,,,,,,Made 3,,,,,,,#3 Dean Hogans,,,,21-11,,Lightly Contested,Right Wing 3,Catch & Shoot,,,,,,,,
2026-01-28 Loyola (MD) vs American,5681.464,8.0,American Shots,56,,,,,,,,,No Foul,,,,,,,,,,,,,,,,,Made 3,,,,,,,#12 Geoff Sprouse,,,,22+,,Highly Contested,Right Wing 3,Catch & Shoot,,,,,,,,
2026-01-28 Loyola (MD) vs American,5729.232,8.0,American Shots,57,,,,,,,,,Foul,,,,,,,,,,,,,,,,,Made 2,,,,,,,#2 Madden Collins,,,,22+,,Highly Contested,Rim,Layup,,,,,,,,
2026-01-28 Loyola (MD) vs American,5925.093,8.0,American Shots,58,,,,,,,,,No Foul,,,,,,,,,,,,,,,,,Miss 3,,,,,,,#32 Julen Iturbe,,,,21-11,,Highly Contested,Right Wing 3,Catch & Shoot,,,,,,,,
2026-01-28 Loyola (MD) vs American,5989.997,8.0,American Shots,59,,,,,,,,,No Foul,,,,,,,,,,,,,,,,,Miss 3,,,,,,,#23 Greg Jones,,,,22+,,Highly Contested,Left Wing 3,Catch & Shoot,,,,,,,,
2026-01-28 Loyola (MD) vs American,6065.851,8.0,American Shots,60,,,,,,,,,No Foul,,,,,,,,,,,,,,,,,Made 3,,,,,,,#12 Geoff Sprouse,,,,22+,,Highly Contested,Right Wing 3,Catch & Shoot,,,,,,,,
2026-01-28 Loyola (MD) vs American,6248.607,8.0,American Shots,61,,,,,,,,,No Foul,,,,,,,,,,,,,,,,,Miss 2,,,,,,,#23 Greg Jones,,,,22+,,Blocked,Rim,Layup,,,,,,,,