Timeline,Start time,Duration,Row,Instance number,Assist,Block,Contested,Dribble Move,Foul,Half Court Defense Type,Opponent Team,Period,Play Characteristics,Result,Shooter,Shooting Hand,Shot,Shot Characteristics,Shot Clock,Shot Clock Seconds,Shot Contest,Shot Location,Shot Type,Team,Ungrouped,Notes,Flags
Au Shots,20.046,8.0,American Shots,1,,,,,No Foul,,,,,Made 2,#33 Matt Mayock,,,,10-6,,Wide Open,Rim,Layup,,,,
Au Shots,61.507,8.000000000000007,American Shots,2,,,,,No Foul,,,,,Made 2,#33 Matt Mayock,,,,10-6,,Wide Open,Rim,Layup,,,,
Au Shots,87.313,8.0,American Shots,3,,,,,No Foul,,,,,Miss 3,#33 Matt Mayock,,,,21-11,,Lightly Contested,Right Wing 3,Pullup,,,,
Au Shots,148.629,8.0,American Shots,4,,,,,No Foul,,,,,Made 3,#33 Matt Mayock,,,,21-11,,Lightly Contested,Left Wing 3,Catch & Shoot,,,,
Au Shots,212.925,8.0,American Shots,5,,,,,No Foul,,,,,Miss 2,#32 Julen Iturbe,,,,21-11,,Highly Contested,Rim,Layup,,,,
Au Shots,247.971,8.0,American Shots,6,,,,,No Foul,,,,,Miss 3,#4 Kade Sebastian,,,,10-6,,Highly Contested,Left Wing 3,Pullup,,,,
Au Shots,266.704,8.0,American Shots,7,,,,,No Foul,,,,,Miss 3,#12 Geoff Sprouse,,,,22+,,Highly Contested,Left Corner 3,Catch & Shoot,,,,
Au Shots,300.745,8.0,American Shots,8,,,,,No Foul,,,,,Miss 2,#23 Greg Jones,,,,21-11,,Highly Contested,Close Shot Middle,Layup,,,,
Au Shots,487.04,8.0,American Shots,9,,,,,No Foul,,,,,Made 2,#33 Matt Mayock,,,,10-6,,Highly Contested,Close Shot Left,Fadeaway,,,,
Au Shots,575.367,8.0,American Shots,10,,,,,No Foul,,,,,Made 3,#23 Greg Jones,,,,10-6,,Lightly Contested,Right Wing 3,Catch & Shoot,,,,
Au Shots,638.695,8.0,American Shots,11,,,,,No Foul,,,,,Miss 2,#2 Madden Collins,,,,21-11,,Lightly Contested,Rim,Layup,,,,
Au Shots,746.903,8.0,American Shots,12,,,,,No Foul,,,,,Miss 3,#12 Geoff Sprouse,,,,21-11,,Highly Contested,Left Wing 3,Catch & Shoot,,,,
Au Shots,978.409,8.0,American Shots,13,,,,,No Foul,,,,,Miss 3,#12 Geoff Sprouse,,,,21-11,,Wide Open,Top of Key 3,Catch & Shoot,,,,
Au Shots,1022.228,8.000000000000114,American Shots,14,,,,,No Foul,,,,,Miss 2,#2 Madden Collins,,,,10-6,,Highly Contested,Close Shot Left,Layup,,,,
Au Shots,1067.555,8.0,American Shots,15,,,,,No Foul,,,,,Made 3,#4 Kade Sebastian,,,,10-6,,Lightly Contested,Right Corner 3,Catch & Shoot,,,,
Au Shots,1180.251,8.0,American Shots,16,,,,,No Foul,,,,,Made 2,#32 Julen Iturbe,,,,5-0,,Highly Contested,Close Shot Right,Fadeaway,,,,
Au Shots,1215.914,8.0,American Shots,17,,,,,No Foul,,,,,Miss 3,#12 Geoff Sprouse,,,,21-11,,Lightly Contested,Right Wing 3,Pullup,,,,
Au Shots,1282.662,8.0,American Shots,18,,,,,No Foul,,,,,Miss 2,#35 Chris Eagan,,,,21-11,,Highly Contested,Rim,Hook,,,,
Au Shots,1514.704,8.0,American Shots,19,,,,,No Foul,,,,,Miss 3,#7 Wyatt Nausadis,,,,5-0,,Highly Contested,Top of Key 3,Step Back,,,,
Au Shots,1519.974,8.0,American Shots,20,,,,,Foul,,,,,Miss 2,#23 Greg Jones,,,,21-11,,Blocked,Rim,Layup,,,,
Au Shots,1621.496,8.0,American Shots,21,,,,,No Foul,,,,,Miss 3,#7 Wyatt Nausadis,,,,21-11,,Lightly Contested,Right Corner 3,Catch & Shoot,,,,
Au Shots,1642.197,8.0,American Shots,22,,,,,No Foul,,,,,Miss 3,#2 Madden Collins,,,,5-0,,Highly Contested,Top of Key 3,Step Back,,,,
Au Shots,1728.841,8.0,American Shots,23,,,,,No Foul,,,,,Miss 3,#33 Matt Mayock,,,,21-11,,Lightly Contested,Left Wing 3,Catch & Shoot,,,,
Au Shots,1858.942,8.0,American Shots,24,,,,,Foul,,,,,Miss 2,#2 Madden Collins,,,,21-11,,Highly Contested,Close Shot Right,Layup,,,,
Au Shots,2114.387,8.0,American Shots,25,,,,,Foul,,,,,Miss 2,#33 Matt Mayock,,,,5-0,,Highly Contested,Rim,Layup,,,,
Au Shots,2229.844,8.0,American Shots,26,,,,,No Foul,,,,,Miss 3,#32 Julen Iturbe,,,,10-6,,Lightly Contested,Top of Key 3,Catch & Shoot,,,,
Au Shots,2273.5,8.0,American Shots,27,,,,,No Foul,,,,,Miss 2,#23 Greg Jones,,,,10-6,,Highly Contested,Rim,Layup,,,,
Au Shots,2300.767,8.0,American Shots,28,,,,,No Foul,,,,,Miss 3,#32 Julen Iturbe,,,,21-11,,Lightly Contested,Right Wing 3,Catch & Shoot,,,,
Au Shots,2385.087,8.0,American Shots,29,,,,,No Foul,,,,,Made 2,#4 Kade Sebastian,,,,10-6,,Lightly Contested,Rim,Layup,,,,
Au Shots,2632.921,8.0,American Shots,30,,,,,No Foul,,,,,Made 2,#2 Madden Collins,,,,5-0,,Highly Contested,Top of Key 2,Pullup,,,,
Au Shots,2770.68,8.0,American Shots,31,,,,,No Foul,,,,,Made 2,#23 Greg Jones,,,,21-11,,Lightly Contested,Rim,Layup,,,,
Au Shots,2876.589,8.0,American Shots,32,,,,,No Foul,,,,,Miss 2,#23 Greg Jones,,,,5-0,,Highly Contested,Rim,Layup,,,,
Au Shots,2975.322,8.0,American Shots,33,,,,,No Foul,,,,,Miss 3,#32 Julen Iturbe,,,,21-11,,Highly Contested,Left Wing 3,Catch & Shoot,,,,
Au Shots,3158.762,8.0,American Shots,34,,,,,No Foul,,,,,Made 2,#2 Madden Collins,,,,21-11,,Lightly Contested,Rim,Layup,,,,
Au Shots,3264.438,8.0,American Shots,35,,,,,Foul,,,,,Miss 2,#7 Wyatt Nausadis,,,,21-11,,Highly Contested,Close Shot Left,Layup,,,,
Au Shots,3375.117,8.0,American Shots,36,,,,,Foul,,,,,Miss 2,#2 Madden Collins,,,,21-11,,Highly Contested,Rim,Layup,,,,
Au Shots,3632.592,8.0,American Shots,37,,,,,No Foul,,,,,Miss 2,#35 Chris Eagan,,,,22+,,Highly Contested,Rim,Layup,,,,
Au Shots,3688.844,8.0,American Shots,38,,,,,Foul,,,,,Miss 2,#35 Chris Eagan,,,,21-11,,Blocked,Rim,Hook,,,,
Au Shots,3768.538,8.0,American Shots,39,,,,,No Foul,,,,,Miss 2,#23 Greg Jones,,,,21-11,,Highly Contested,Close Shot Right,Layup,,,,
Au Shots,3787.385,8.0,American Shots,40,,,,,No Foul,,,,,Miss 3,#12 Geoff Sprouse,,,,22+,,Wide Open,Top of Key 3,Catch & Shoot,,,,
Au Shots,3789.449,8.0,American Shots,41,,,,,No Foul,,,,,Made 2,#23 Greg Jones,,,,21-11,,Wide Open,Rim,Putback,,,,
Au Shots,3826.832,8.0,American Shots,42,,,,,No Foul,,,,,Miss 2,#35 Chris Eagan,,,,21-11,,Blocked,Rim,Layup,,,,
Au Shots,3847.267,8.0,American Shots,43,,,,,No Foul,,,,,Made 2,#23 Greg Jones,,,,21-11,,Wide Open,Rim,Layup,,,,
Au Shots,4397.112,8.0,American Shots,44,,,,,No Foul,,,,,Made 2,#35 Chris Eagan,,,,10-6,,Highly Contested,Rim,Hook,,,,
Au Shots,4419.061,8.0,American Shots,45,,,,,No Foul,,,,,Miss 3,#23 Greg Jones,,,,22+,,Lightly Contested,Right Corner 3,Catch & Shoot,,,,
Au Shots,4479.698,8.0,American Shots,46,,,,,No Foul,,,,,Miss 2,#35 Chris Eagan,,,,21-11,,Blocked,Rim,Layup,,,,
Au Shots,4521.739,8.0,American Shots,47,,,,,No Foul,,,,,Miss 2,#12 Geoff Sprouse,,,,21-11,,Highly Contested,Close Shot Right,Layup,,,,
Au Shots,4523.078,8.0,American Shots,48,,,,,No Foul,,,,,Miss 2,#35 Chris Eagan,,,,21-11,,Highly Contested,Rim,Putback,,,,
Au Shots,4599.285,8.0,American Shots,49,,,,,No Foul,,,,,Miss 3,#12 Geoff Sprouse,,,,21-11,,Wide Open,Right Wing 3,Step Back,,,,
Au Shots,4638.728,8.0,American Shots,50,,,,,No Foul,,,,,Made 2,#23 Greg Jones,,,,22+,,Lightly Contested,Rim,Layup,,,,
Au Shots,4704.012,8.0,American Shots,51,,,,,No Foul,,,,,Miss 3,#7 Wyatt Nausadis,,,,10-6,,Wide Open,Left Wing 3,Catch & Shoot,,,,
Au Shots,4962.023,8.0,American Shots,52,,,,,No Foul,,,,,Made 3,#23 Greg Jones,,,,21-11,,Wide Open,Right Wing 3,Catch & Shoot,,,,
Au Shots,5144.772,8.0,American Shots,53,,,,,No Foul,,,,,Miss 3,#23 Greg Jones,,,,21-11,,Lightly Contested,Left Corner 3,Catch & Shoot,,,,
Au Shots,5181.017,8.0,American Shots,54,,,,,Foul,,,,,Miss 2,#23 Greg Jones,,,,10-6,,Highly Contested,Rim,Layup,,,,
Au Shots,5279.532,8.0,American Shots,55,,,,,No Foul,,,,,Made 2,#33 Matt Mayock,,,,21-11,,Wide Open,Rim,Layup,,,,
Au Shots,5575.367,8.0,American Shots,56,,,,,No Foul,,,,,Miss 3,#33 Matt Mayock,,,,21-11,,Lightly Contested,Right Wing 3,Catch & Shoot,,,,
Au Shots,5579.257,8.0,American Shots,57,,,,,No Foul,,,,,Made 2,#23 Greg Jones,,,,21-11,,Wide Open,Rim,Layup,,,,
Au Shots,5594.932,8.0,American Shots,58,,,,,No Foul,,,,,Miss 2,#23 Greg Jones,,,,22+,,Lightly Contested,Rim,Layup,,,,
Au Shots,5596.182,8.0,American Shots,59,,,,,No Foul,,,,,Miss 2,#4 Kade Sebastian,,,,21-11,,Highly Contested,Rim,Putback,,,,
Au Shots,5597.48,8.0,American Shots,60,,,,,No Foul,,,,,Made 2,#32 Julen Iturbe,,,,21-11,,Wide Open,Rim,Putback,,,,
Au Shots,5701.862,8.0,American Shots,61,,,,,No Foul,,,,,Miss 3,#12 Geoff Sprouse,,,,5-0,,Lightly Contested,Right Wing 3,Catch & Shoot,,,,
Au Shots,5998.48,8.0,American Shots,62,,,,,No Foul,,,,,Miss 3,#12 Geoff Sprouse,,,,21-11,,Lightly Contested,Top of Key 3,Catch & Shoot,,,,
Au Shots,6126.704,8.0,American Shots,63,,,,,No Foul,,,,,Made 3,#32 Julen Iturbe,,,,22+,,Wide Open,Top of Key 3,Catch & Shoot,,,,
Au Shots,6322.679,8.0,American Shots,64,,,,,No Foul,,,,,Made 2,#33 Matt Mayock,,,,22+,,Lightly Contested,Rim,Layup,,,,
Au Shots,6426.641,8.0,American Shots,65,,,,,No Foul,,,,,Miss 3,#32 Julen Iturbe,,,,22+,,Highly Contested,Right Wing 3,Pullup,,,,
Au Shots,6485.37,8.0,American Shots,66,,,,,No Foul,,,,,Made 3,#2 Madden Collins,,,,22+,,Lightly Contested,Left Wing 3,Step Back,,,,
Au Shots,6557.462,8.0,American Shots,67,,,,,No Foul,,,,,Miss 3,#2 Madden Collins,,,,21-11,,Blocked,Right Wing 3,Pullup,,,,
Au Shots,6562.522,8.0,American Shots,68,,,,,No Foul,,,,,Made 3,#7 Wyatt Nausadis,,,,21-11,,Highly Contested,Right Wing 3,Catch & Shoot,,,,
Au Shots,6656.952,8.0,American Shots,69,,,,,No Foul,,,,,Miss 3,#7 Wyatt Nausadis,,,,5-0,,Highly Contested,Right Wing 3,Pullup,,,,